Location,male_median_salary,female_median_salary,STATE,gender_pay_gap
New South Wales,40674,28204,NSW,30.658405861238137
Braidwood,36541,22951,NSW,37.19110040776115
Queanbeyan,42650,34798,NSW,18.41031652989449
Queanbeyan Region,61036,41521,NSW,31.972934006160298
Bombala,23400,15846,NSW,32.282051282051285
Batemans Bay,27166,20042,NSW,26.22395641610837
Deua - Wadbilliga,87201,46762,NSW,46.37446818270433
Eden,27721,21740,NSW,21.575700732296816
Eurobodalla Hinterland,30697,23406,NSW,23.751506661888783
Moruya - Tuross Head,29473,23440,NSW,20.469582329589795
Goulburn,38306,27225,NSW,28.927583146243407
Goulburn Region,30805,22097,NSW,28.26813828923876
Yass,40984,28499,NSW,30.46310755416748
Yass Region,42059,30355,NSW,27.82757554863406
Box Head - MacMasters Beach,43302,28947,NSW,33.150893723153665
Erina - Green Point,43595,26844,NSW,38.424131207707305
Gosford - Springfield,40294,27554,NSW,31.617610562366604
Kariong,49026,30950,NSW,36.87023212173133
Narara,46964,30574,NSW,34.89907162933311
Saratoga - Davistown,44037,28214,NSW,35.931148806685286
Wamberal - Forresters Beach,42056,27340,NSW,34.9914399847822
Woy Woy - Blackwall,42685,28830,NSW,32.45870914841279
Wyoming,42483,29000,NSW,31.73740084269002
Bateau Bay - Killarney Vale,40914,27080,NSW,33.81238695800948
Blue Haven - San Remo,39110,26412,NSW,32.46739964203528
Budgewoi - Buff Point - Halekulani,39866,25821,NSW,35.230522249535944
Chittaway Bay - Tumbi Umbi,44538,29184,NSW,34.473932372356195
Gorokan - Kanwal - Charmhaven,37528,24778,NSW,33.97463227456832
Jilliby - Yarramalong,43750,25000,NSW,42.857142857142854
Lake Munmorah - Mannering Park,41292,27044,NSW,34.50547321515064
Ourimbah - Fountaindale,43979,27469,NSW,37.5406443984629
The Entrance,42554,31079,NSW,26.965737650984632
Toukley - Norah Head,33274,27760,NSW,16.571497265131935
Tuggerah - Kangy Angy,43288,26982,NSW,37.668637959711695
Wyong,34203,24299,NSW,28.956524281495778
Bathurst - East,42721,27140,NSW,36.471524542964815
Bathurst Region,39015,26225,NSW,32.78226323209022
Cowra,29753,23882,NSW,19.7324639532148
Cowra Region,26588,18446,NSW,30.622837370242213
Forbes,36642,25573,NSW,30.2085039026254
Parkes (NSW),40188,27077,NSW,32.62416641783617
West Wyalong,27727,20000,NSW,27.868142965340642
Lithgow,48253,29610,NSW,38.635939734317034
Lithgow Region,48656,25613,NSW,47.35901019401513
Mudgee,48677,23062,NSW,52.6223883969842
Mudgee Region - East,29365,22000,NSW,25.080878596969182
Orange,34822,24522,NSW,29.579001780483605
Orange - North,43005,29072,NSW,32.39855830717359
Orange Region,35766,24784,NSW,30.705138958787675
Grafton Region,33029,24816,NSW,24.86602682491144
Bellingen,26876,20825,NSW,22.51451108795952
Coffs Harbour - South,26041,20091,NSW,22.848584923774048
Dorrigo,28421,18315,NSW,35.55821399669259
Sawtell - Boambee,31873,24406,NSW,23.427352304458317
Urunga,32614,22025,NSW,32.46765192861961
Woolgoolga - Arrawarra,17771,14182,NSW,20.195824658150922
Coonamble,20000,19691,NSW,1.545
Nyngan - Warren,30927,20649,NSW,33.233097293626926
Broken Hill,48527,28736,NSW,40.78348136089188
Far West,24410,16949,NSW,30.56534207292093
Coonabarabran,23375,20331,NSW,13.022459893048127
Dubbo - East,33599,26496,NSW,21.140510134230187
Dubbo - South,34581,27493,NSW,20.496804603684105
Dubbo - West,34177,26995,NSW,21.01413231120344
Narromine,27893,23278,NSW,16.545369806044526
Branxton - Greta - Pokolbin,52445,24356,NSW,53.558966536371436
Cessnock,39000,23647,NSW,39.36666666666667
Cessnock Region,44702,25965,NSW,41.915350543599835
Dungog,45965,26278,NSW,42.830414445773954
Kurri Kurri - Abermain,44835,25324,NSW,43.51734136277462
Maitland - East,46433,26772,NSW,42.342730385717054
Maitland - North,54455,29421,NSW,45.97190340648242
Maitland - West,46314,25357,NSW,45.249816470181806
Thornton - Millers Forest,51476,29593,NSW,42.51107312145466
Nelson Bay Peninsula,35133,22016,NSW,37.335268835567696
Raymond Terrace,37246,24388,NSW,34.521827847285614
Seaham - Woodville,52742,25743,NSW,51.190701907398285
Tea Gardens - Hawks Nest,33037,20269,NSW,38.647576959167
Williamtown - Medowie - Karuah,48140,28610,NSW,40.56917324470295
Muswellbrook Region,54971,24168,NSW,56.03500027287115
Scone,38463,24117,NSW,37.298182669058576
Scone Region,42419,21993,NSW,48.15295032886206
Dapto - Avondale,47743,29669,NSW,37.85685859707183
Unanderra - Mount Kembla,50972,29697,NSW,41.73860158518402
Albion Park - Macquarie Pass,54338,30234,NSW,44.35938017593581
Kiama,42947,24923,NSW,41.96800707849209
Kiama Downs - Minnamurra,53183,27925,NSW,47.49261982212361
Kiama Hinterland - Gerringong,41941,24359,NSW,41.92079349562481
Shellharbour - Flinders,54501,27773,NSW,49.04130199445882
Shellharbour - Oak Flats,48032,27415,NSW,42.923467688207865
Balgownie - Fairy Meadow,43269,27172,NSW,37.20215396704338
Figtree - Keiraville,41509,25794,NSW,37.8592594377123
Thirroul - Austinmer - Coalcliff,54379,31937,NSW,41.26960775299288
Wollongong - East,32811,23400,NSW,28.682454055042516
Tuncurry,29192,22577,NSW,22.660317895313785
Kempsey Region,31287,23849,NSW,23.773452232556654
Nambucca Heads Region,26713,22899,NSW,14.277692509265153
South West Rocks,29456,21115,NSW,28.316811515480715
Laurieton - Bonny Hills,31629,26166,NSW,17.27212368396092
Port Macquarie - West,34255,24419,NSW,28.71405634213983
Wauchope,35144,26625,NSW,24.240268609150924
Taree,33251,25785,NSW,22.453460046314397
Taree Region,34004,26143,NSW,23.117868486060463
Wingham,38906,28561,NSW,26.589729090628694
Albury - East,45023,27483,NSW,38.957865979610425
Albury - North,33457,22995,NSW,31.269988343246556
Albury Region,28166,21535,NSW,23.542569054888872
Lavington,33062,21995,NSW,33.47347407900308
Wentworth - Buronga,18294,16306,NSW,10.866950912867607
Corowa,35804,24041,NSW,32.85387107585744
Corowa Region,30433,22893,NSW,24.775736864587785
Deniliquin,29717,22728,NSW,23.518524750143015
Deniliquin Region,24892,18298,NSW,26.490438695163103
Moama,32520,22529,NSW,30.72263222632226
Armidale,29382,23667,NSW,19.450684092301408
Armidale Region - North,23630,19686,NSW,16.69064748201439
Armidale Region - South,31846,22596,NSW,29.04603403881178
Walcha,21981,17717,NSW,19.39857149356262
Inverell,35753,27006,NSW,24.465079853438873
Inverell Region - East,27195,21048,NSW,22.60341974627689
Inverell Region - West,28788,21811,NSW,24.235792691399194
Tenterfield,21849,18503,NSW,15.31420202297588
Moree,34029,24736,NSW,27.309059919480443
Quirindi,33875,24193,NSW,28.581549815498153
Tamworth - East,35566,26381,NSW,25.825226339762697
Tamworth Region,40329,27123,NSW,32.745666889831135
Belmont - Bennetts Green,44101,29027,NSW,34.18063082469786
Glendale - Cardiff - Hillsborough,46795,30425,NSW,34.98236991131532
Mount Hutton - Windale,39381,27692,NSW,29.681826261395088
Redhead,45891,26018,NSW,43.30478743108671
Swansea - Caves Beach,44242,27501,NSW,37.839609420912254
Warners Bay - Boolaroo,48425,30644,NSW,36.718637067630354
Bonnells Bay - Silverwater,39707,26372,NSW,33.58349913113557
Edgeworth - Cameron Park,48797,30589,NSW,37.31376928909564
Morisset - Cooranbong,35555,23908,NSW,32.757699339052174
Wangi Wangi - Rathmines,43697,28421,NSW,34.958921665102864
Adamstown - Kotara,45402,28865,NSW,36.42350557244175
Beresfield - Hexham,38301,23563,NSW,38.47941307015483
Lambton - New Lambton,46392,31195,NSW,32.75780306949474
Maryland - Fletcher - Minmi,45567,30399,NSW,33.28724735005596
Mayfield - Warabrook,41156,28581,NSW,30.554475653610652
Merewether - The Junction,45962,27298,NSW,40.607458335146426
Newcastle - Cooks Hill,37750,25735,NSW,31.82781456953642
Waratah - North Lambton,34355,26435,NSW,23.053412894775143
Ballina Region,32084,24786,NSW,22.746540331629472
Bangalow,23061,14934,NSW,35.24131650839079
Byron Bay,12687,8878,NSW,30.022858043666744
Evans Head,34323,23392,NSW,31.84744923229321
Lennox Head - Skennars Head,31269,23123,NSW,26.051360772650227
Casino Region,34762,26560,NSW,23.59472987745239
Goonellabah,37427,28691,NSW,23.341437999305313
Kyogle,34948,24953,NSW,28.59963374155889
Lismore Region,31203,26575,NSW,14.83190718841137
Kingscliff - Fingal Head,36497,24948,NSW,31.643696742197992
Murwillumbah Region,31013,22585,NSW,27.175700512688227
Tweed Heads,30241,24013,NSW,20.59455705829834
Terranora - North Tumblegum,38339,25704,NSW,32.955997809019536
Leeton,33649,24036,NSW,28.568456714909807
Tumbarumba,34400,18225,NSW,47.020348837209305
Tumut,42193,26129,NSW,38.072666082051526
Cootamundra,24609,24145,NSW,1.8854890487220122
Gundagai,25389,17068,NSW,32.77403599984245
Temora,19880,17732,NSW,10.804828973843058
Wagga Wagga - East,37401,26025,NSW,30.416299029437717
Wagga Wagga - North,38851,25425,NSW,34.55766904326787
Wagga Wagga - South,39330,28241,NSW,28.19476226798881
Callala Bay - Currarong,37240,22406,NSW,39.83351235230935
Culburra Beach,34329,26666,NSW,22.322234845174634
Ettrema - Sassafras - Budawang,43420,15870,NSW,63.45002303086136
Huskisson - Vincentia,44938,26403,NSW,41.245716320263476
North Nowra - Bomaderry,37100,24450,NSW,34.097035040431265
St Georges Basin - Erowal Bay,35067,23586,NSW,32.74018307810762
Sussex Inlet - Berrara,33578,26338,NSW,21.561736851509917
Tomerong - Wandandian - Woollamia,41508,26710,NSW,35.650958851305774
Ulladulla Region,32281,19008,NSW,41.1170657662402
Mittagong,41013,25498,NSW,37.82946870504475
Robertson - Fitzroy Falls,40127,25271,NSW,37.02245370947242
Southern Highlands,35123,24240,NSW,30.985394186145832
West Pennant Hills,54794,32862,NSW,40.02628024966237
Castle Hill - Central,52756,36489,NSW,30.83440746076276
Castle Hill - East,59320,35273,NSW,40.53776129467296
Castle Hill - North,52545,33602,NSW,36.051003901417836
Castle Hill - West,56087,35621,NSW,36.48973915524096
Dural - Kenthurst - Wisemans Ferry,46248,29577,NSW,36.046964193046186
Bilpin - Colo - St Albans,44082,25665,NSW,41.778957397577244
Pitt Town - McGraths Hill,52453,30614,NSW,41.63536880635998
Rouse Hill - Beaumont Hills,60000,36945,NSW,38.425
Blacktown (North) - Marayong,39089,27926,NSW,28.557906316354988
Doonside - Woodcroft,41698,32280,NSW,22.58621516619502
Blacktown (South),36973,28866,NSW,21.92681145700917
Blacktown (West),37398,28044,NSW,25.01203272902294
Glenwood,54052,35232,NSW,34.81832309627766
Riverstone - Marsden Park,54708,36638,NSW,33.02990421876142
Bidwill - Hebersham - Emerton,31379,25883,NSW,17.514898498996143
Glendenning - Dean Park,47163,34367,NSW,27.131437779615375
Hassall Grove - Plumpton,43209,33935,NSW,21.46312110902821
Mount Druitt - Whalan,34067,24895,NSW,26.923415622156337
Prospect Reservoir,117883,66653,NSW,43.45834429052535
Rooty Hill - Minchinbury,43357,32753,NSW,24.457411721290683
Botany,52542,41064,NSW,21.845380838186593
Mascot - Eastlakes,32094,21414,NSW,33.277248083753975
Port Botany Industrial,51103,41560,NSW,18.674050447136175
Sydenham - Tempe - St Peters,46103,37881,NSW,17.833980435112682
Potts Point - Woolloomooloo,26538,25352,NSW,4.469063230085161
Pyrmont - Ultimo,21363,14391,NSW,32.635865749192526
Redfern - Chippendale,25128,18760,NSW,25.342247691817892
Sydney - Haymarket - The Rocks,13101,10015,NSW,23.555453782154036
Waterloo - Beaconsfield,38671,25955,NSW,32.88252178635153
Bondi - Tamarama - Bronte,35160,21467,NSW,38.9448236632537
Bondi Beach - North Bondi,27796,17203,NSW,38.109799971218884
Double Bay - Bellevue Hill,50000,31984,NSW,36.032
Dover Heights,50000,28435,NSW,43.13
Rose Bay - Vaucluse - Watsons Bay,48599,27247,NSW,43.93506039218914
Woollahra,47900,33860,NSW,29.31106471816284
Coogee - Clovelly,49000,28697,NSW,41.43469387755102
Malabar - La Perouse - Chifley,50900,35117,NSW,31.007858546168958
Maroubra - North,48384,29683,NSW,38.65120701058201
Maroubra - South,39018,28403,NSW,27.205392383002717
Chullora,47246,30166,NSW,36.151208567921095
Padstow,45063,33057,NSW,26.64270021969243
Panania - Milperra - Picnic Point,49015,34441,NSW,29.733754972967457
Bankstown - North,31065,23159,NSW,25.449863190085303
Bankstown - South,30569,21990,NSW,28.064378945991038
Canterbury (South) - Campsie,26246,23107,NSW,11.959917701745027
Punchbowl,27338,24071,NSW,11.950398712414954
Roselands,39187,29030,NSW,25.919309975246897
Lakemba,23441,22000,NSW,6.147348662599718
Narwee - Beverly Hills,39273,27880,NSW,29.009752247090876
Peakhurst - Lugarno,49641,34562,NSW,30.376100400878308
Riverwood,32000,26702,NSW,16.55625
South Hurstville - Blakehurst,30440,24266,NSW,20.28252299605782
Arncliffe - Bardwell Valley,33436,23164,NSW,30.72137815528173
Bexley,35671,28988,NSW,18.735106949622942
Kogarah Bay - Carlton - Allawah,35075,28744,NSW,18.049893086243763
Concord - Mortlake - Cabarita,53323,37200,NSW,30.236483318642986
Five Dock - Abbotsford,58109,41151,NSW,29.18308695726996
Balmain,69128,50354,NSW,27.158315009836826
Leichhardt - Annandale,55151,43258,NSW,21.564432195245782
Burwood - Croydon,25108,21450,NSW,14.569061653656204
Strathfield,23192,21140,NSW,8.847878578820282
Strathfield South,43278,32946,NSW,23.87356162484403
Chatswood (East) - Artarmon,48639,29525,NSW,39.29768292933654
St Leonards - Naremburn,75877,51843,NSW,31.674947612583527
Willoughby - Castle Cove - Northbridge,62203,35178,NSW,43.44645756635532
Berowra - Brooklyn - Cowan,59091,34275,NSW,41.99624308270295
Hornsby - West,49976,32948,NSW,34.07235473027053
Gordon - Killara,52638,31242,NSW,40.64744101219651
Turramurra,59390,32472,NSW,45.32412864118538
Crows Nest - Waverton,68335,48606,NSW,28.871003146264723
North Sydney - Lavender Bay,68686,44592,NSW,35.07847305127682
Balgowlah - Clontarf - Seaforth,58333,29558,NSW,49.32885330773319
Avalon - Palm Beach,41320,24799,NSW,39.983059051306874
Bayview - Elanora Heights,48578,26500,NSW,45.44855695994071
Newport - Bilgola,47129,28300,NSW,39.952046510641004
Cromer,52305,30514,NSW,41.66140904311251
Dee Why - North Curl Curl,39198,28643,NSW,26.927394254808917
Forestville - Killarney Heights,57164,31784,NSW,44.39857252816458
Frenchs Forest - Belrose,55000,32057,NSW,41.71454545454545
Freshwater - Brookvale,53400,32840,NSW,38.50187265917603
Manly Vale - Allambie Heights,51956,29945,NSW,42.3646932019401
Narrabeen - Collaroy,48300,30413,NSW,37.03312629399586
Terrey Hills - Duffys Forest,48305,32097,NSW,33.553462374495396
Bradbury - Wedderburn,43330,30085,NSW,30.567735979690745
Campbelltown - Woodbine,39204,28967,NSW,26.112131415161716
Macquarie Fields - Glenfield,40407,29540,NSW,26.89385502511941
Rosemeadow - Glen Alpine,42333,29814,NSW,29.572673800581107
Douglas Park - Appin,58306,32750,NSW,43.830823585908824
The Oaks - Oakdale,51463,30000,NSW,41.70569146765637
Blackheath - Megalong Valley,33305,22886,NSW,31.283591052394534
Katoomba - Leura,31366,25045,NSW,20.152394312312698
Springwood - Winmalee,53874,33704,NSW,37.439210008538446
Wentworth Falls,41742,25117,NSW,39.82799099228595
Cambridge Park,49756,32517,NSW,34.647077739368115
Castlereagh - Cranebrook,54315,33598,NSW,38.14231796004787
Emu Plains - Leonay,54980,35349,NSW,35.705711167697345
Glenmore Park - Regentville,55566,36152,NSW,34.93863153727099
Kingswood - Werrington,42843,30000,NSW,29.976892374483576
Penrith,37528,29458,NSW,21.503943722020892
Windsor - Bligh Park,47232,30681,NSW,35.041920731707314
Yarramundi - Londonderry,46552,27631,NSW,40.64487025262073
Erskine Park,51333,37965,NSW,26.04172754368535
St Clair,50883,34738,NSW,31.729654304974158
St Marys - North St Marys,36595,27768,NSW,24.120781527531083
Homebush Bay - Silverwater,47012,32958,NSW,29.894495022547435
Berala,28978,23000,NSW,20.62944302574367
Carlingford,46858,29430,NSW,37.19322207520594
Ermington - Rydalmere,47775,31105,NSW,34.89272632129775
Oatlands - Dundas Valley,41579,31057,NSW,25.306043916400107
Guildford - South Granville,29016,23164,NSW,20.168183071408876
Yennora Industrial,23546,17000,NSW,27.800900365242505
North Rocks,55000,35151,NSW,36.089090909090906
Northmead,44295,34280,NSW,22.609775369680552
Toongabbie - Constitution Hill,39663,33245,NSW,16.181327685752464
Winston Hills,59162,38671,NSW,34.63540786315541
Wentworthville - Westmead,42930,29218,NSW,31.94036804099697
Pennant Hills - Cheltenham,56937,34150,NSW,40.02142719145723
Hunters Hill - Woolwich,54788,34192,NSW,37.59217346864277
Macquarie Park - Marsfield,40405,28286,NSW,29.993812646949635
West Ryde - Meadowbank,47189,32916,NSW,30.246455741804233
Ryde,47979,33695,NSW,29.771358302590716
Ashcroft - Busby - Miller,30863,23734,NSW,23.09885623562194
Cobbitty - Leppington,52243,34591,NSW,33.7882587140861
Cecil Hills,44965,31348,NSW,30.283553875236297
Green Valley,40000,30431,NSW,23.9225
Hinchinbrook,42640,31366,NSW,26.43996247654784
West Hoxton - Middleton Grange,45843,34632,NSW,24.455205811138015
Bonnyrigg Heights - Bonnyrigg,38665,27240,NSW,29.54868744342429
Edensor Park,41278,29997,NSW,27.32932797131644
Fairfield,31264,25941,NSW,17.025972364380756
Fairfield - West,31889,25329,NSW,20.57135689422685
Casula,41079,30881,NSW,24.825336546654007
Chipping Norton - Moorebank,49813,36133,NSW,27.46271053740991
Holsworthy - Wattle Grove,59921,37228,NSW,37.87153084895112
Lurnea - Cartwright,34400,24968,NSW,27.41860465116279
Warwick Farm,29989,26155,NSW,12.784687718830238
Gymea - Grays Point,59487,34524,NSW,41.9637904079883
Miranda - Yowie Bay,51032,33317,NSW,34.713513089825994
Sylvania - Taren Point,49970,31669,NSW,36.62397438463078
Caringbah South,58590,32853,NSW,43.927291346646186
Heathcote - Waterfall,61597,32794,NSW,46.76039417504099
Loftus - Yarrawarrah,60802,35657,NSW,41.35554751488438
Woronora Heights,59024,33610,NSW,43.05706153429114
Victoria,39240,25939,VIC,33.896534148827726
Alfredton,43940,26198,VIC,40.37778789258079
Ballarat - South,33507,23427,VIC,30.083266183185604
Buninyong,42472,27468,VIC,35.32680354115653
Delacombe,43613,25140,VIC,42.35663678261069
Wendouree - Miners Rest,38623,23610,VIC,38.87062113248582
Bacchus Marsh Region,48281,29319,VIC,39.27424866924877
Daylesford,35299,21104,VIC,40.21360378480977
Avoca,23844,18277,VIC,23.347592685790975
Maryborough (Vic.),34155,25080,VIC,26.570048309178745
Bendigo,32072,24159,VIC,24.672611623846347
East Bendigo - Kennington,37004,25024,VIC,32.37487839152524
Kangaroo Flat - Golden Square,36893,25932,VIC,29.710243135554173
Strathfieldsaye,49984,26808,VIC,46.366837387964146
Bendigo Region - South,42495,26745,VIC,37.06318390398871
Castlemaine,33147,21877,VIC,34.000060337285426
Heathcote,39279,22101,VIC,43.73329259909875
Kyneton,41197,24128,VIC,41.43262858946039
Loddon,25903,18024,VIC,30.417326178434926
Bannockburn,49595,27449,VIC,44.65369492892429
Winchelsea,40003,20782,VIC,48.048896332775044
Geelong,32065,23120,VIC,27.896460314985188
Geelong West - Hamlyn Heights,40140,27293,VIC,32.00548081714001
Highton,36932,23932,VIC,35.19982670854544
Lara,50000,28273,VIC,43.454
Leopold,43684,25516,VIC,41.589598022159144
Newcomb - Moolap,32906,23768,VIC,27.770011548045947
Newtown (Vic.),38514,25158,VIC,34.6782988004362
North Geelong - Bell Park,35539,25403,VIC,28.520779988182
Clifton Springs,39976,25546,VIC,36.09665799479688
Portarlington,35860,23744,VIC,33.786949247071945
Point Lonsdale - Queenscliff,34472,23927,VIC,30.59004409375725
Torquay,45569,24000,VIC,47.3326164717242
Euroa,28258,22099,VIC,21.79559770684408
Mansfield (Vic.),25366,16991,VIC,33.01663644248206
Nagambie,36789,21615,VIC,41.24602462692653
Upper Yarra Valley,39680,16049,VIC,59.553931451612904
Yea,37000,22848,VIC,38.24864864864865
Benalla Region,31406,21013,VIC,33.092402725593836
Wangaratta,36519,24912,VIC,31.78345518771051
Bright - Mount Beauty,22837,13918,VIC,39.055042255988084
Myrtleford,28248,18506,VIC,34.48739733786463
Wodonga,42470,25282,VIC,40.47092064987049
Yackandandah,40102,22433,VIC,44.06014662610344
Drouin,41822,24639,VIC,41.08603127540529
Trafalgar (Vic.),43030,25048,VIC,41.78944922147339
Warragul,41416,23551,VIC,43.13550318717404
Bairnsdale,35576,25057,VIC,29.56768608050371
Lakes Entrance,28748,20570,VIC,28.447196326700986
Paynesville,29008,20623,VIC,28.90581908439051
Foster,31655,18725,VIC,40.84662770494393
French Island,28204,7981,VIC,71.70259537654233
Korumburra,40176,23292,VIC,42.02508960573476
Leongatha,39243,22024,VIC,43.87788905027648
Phillip Island,28704,18467,VIC,35.664018952062435
Wilsons Promontory,106759,17536,VIC,83.5742185670529
Churchill,43190,25334,VIC,41.34290344987265
Traralgon,46496,29489,VIC,36.57733998623537
Yallourn North - Glengarry,47666,26458,VIC,44.49292997104855
Alps - West,12480,8445,VIC,32.331730769230774
Maffra,38930,22028,VIC,43.4163883894169
Brunswick,33362,25845,VIC,22.531622804388228
Brunswick East,37021,28836,VIC,22.10907322870803
Coburg,35130,27696,VIC,21.161400512382578
Northcote,45276,33001,VIC,27.11149394822864
Thornbury,40997,30493,VIC,25.62138693075103
Moonee Ponds,43511,33701,VIC,22.546022844797868
Carlton,16447,13088,VIC,20.423177479175532
Docklands,40615,20000,VIC,50.757109442324264
East Melbourne,46412,35115,VIC,24.340687753167284
Flemington Racecourse,30292,14168,VIC,53.228575201373296
Kensington (Vic.),45221,35055,VIC,22.480705866743328
North Melbourne,22830,18000,VIC,21.156373193166885
South Yarra - West,37000,25025,VIC,32.36486486486487
Southbank,26117,16829,VIC,35.56304322854846
Elwood,44051,29845,VIC,32.24898413202879
Port Melbourne,62307,41130,VIC,33.98815542394916
St Kilda East,28482,24756,VIC,13.081946492521594
Armadale,47929,31300,VIC,34.69506979073213
Prahran - Windsor,41175,30308,VIC,26.392228293867635
Toorak,45158,26613,VIC,41.0669205899287
Carlton North - Princes Hill,33137,26551,VIC,19.875064127712225
Collingwood,40257,29128,VIC,27.644881635491963
Fitzroy North,41275,30247,VIC,26.7183525136281
Richmond (Vic.),48991,35354,VIC,27.835724929068604
Ashburton (Vic.),52242,33940,VIC,35.033115118104206
Hawthorn East,42688,29949,VIC,29.84211019490255
Bulleen,45449,28403,VIC,37.505775704635965
Templestowe,44214,27554,VIC,37.68037273261863
Templestowe Lower,45746,28796,VIC,37.05241988370568
Doncaster East (North),44312,26937,VIC,39.210597580790754
Blackburn,43141,27015,VIC,37.37975475765513
Blackburn South,42993,26488,VIC,38.389970460307495
Box Hill,24889,19437,VIC,21.905259351520755
Box Hill North,37938,26712,VIC,29.590384311244662
Burwood,19623,16275,VIC,17.061611374407583
Surrey Hills (East) - Mont Albert,46909,30260,VIC,35.49212304675009
Beaumaris,54999,27004,VIC,50.900925471372204
Brighton East,50046,29357,VIC,41.33996723014826
Cheltenham - Highett (West),55547,34344,VIC,38.171278376870035
Bentleigh - McKinnon,47610,30248,VIC,36.467128754463346
Caulfield - North,31214,22203,VIC,28.868456461844044
Murrumbeena,42500,29957,VIC,29.512941176470587
Ormond - Glen Huntly,36823,27616,VIC,25.0033946174945
Aspendale Gardens - Waterways,47757,29658,VIC,37.89810917771217
Braeside,51009,19527,VIC,61.718520261130394
Cheltenham - Highett (East),49673,31440,VIC,36.706057616813965
Mentone,49972,33059,VIC,33.84495317377731
Moorabbin - Heatherton,49419,31849,VIC,35.553127339687165
Mordialloc - Parkdale,54808,33556,VIC,38.77536126112976
Malvern - Glen Iris,46146,31044,VIC,32.726563515797686
Malvern East,40000,26224,VIC,34.44
Greensborough,53685,32633,VIC,39.213933128434384
Heidelberg - Rosanna,52465,33990,VIC,35.21395215858191
Ivanhoe,47499,33014,VIC,30.495378850081057
Ivanhoe East - Eaglemont,51475,30940,VIC,39.893152015541524
Viewbank - Yallambie,55774,32630,VIC,41.49603758023452
Reservoir - East,32386,25813,VIC,20.295806830111776
Preston - West,40000,28419,VIC,28.952499999999997
Eltham,55168,30634,VIC,44.47143271461717
Hurstbridge,49655,25516,VIC,48.61343268553016
Plenty - Yarrambat,55213,27660,VIC,49.903102530201224
Wattle Glen - Diamond Creek,54353,28311,VIC,47.91271870917889
Bundoora - West,32378,24559,VIC,24.149113595651368
Mill Park - North,43696,28519,VIC,34.73315635298426
Mill Park - South,41019,29487,VIC,28.113800921524174
Doreen,55332,29676,VIC,46.36738234656257
Epping - East,41597,27621,VIC,33.59857682044378
Epping - South,35043,25056,VIC,28.49927232257512
Epping - West,42306,28822,VIC,31.872547629177895
South Morang (South),42785,29441,VIC,31.18850064274863
Airport West,50127,33787,VIC,32.59720310411554
Keilor,47689,29866,VIC,37.37339847763636
Keilor East,47983,32600,VIC,32.059270991809605
Gisborne,59280,29339,VIC,50.50775978407558
Riddells Creek,57899,28745,VIC,50.35320126427054
Romsey,52162,26873,VIC,48.481653310839306
Coburg North,40000,31597,VIC,21.0075
Fawkner,27520,24790,VIC,9.920058139534884
Hadfield,39536,30336,VIC,23.269931201942534
Sunbury,50180,31438,VIC,37.349541650059784
Gladstone Park - Westmeadows,43754,29497,VIC,32.584449421767154
Greenvale - Bulla,48441,29730,VIC,38.626370223570945
Meadow Heights,28277,21834,VIC,22.78530254270255
Tullamarine,42199,32086,VIC,23.96502286784047
Craigieburn - Central,38591,27791,VIC,27.985799797880333
Craigieburn - West,38275,26094,VIC,31.824951012410192
Mickleham - Yuroke,41764,28152,VIC,32.59266353797529
Lysterfield,52941,29381,VIC,44.50237056345743
Wantirna,45585,28433,VIC,37.62641219699462
Wantirna South,41569,26839,VIC,35.43505978012461
Boronia,45303,29989,VIC,33.80350087190694
Ferntree Gully (North),48085,28379,VIC,40.98159509202454
The Basin,50840,28919,VIC,43.117623918174665
Warrandyte - Wonga Park,46562,26031,VIC,44.093896310295946
Bayswater North,48144,29378,VIC,38.97889664340312
Ringwood,42834,27402,VIC,36.02745482560582
Ringwood North,53169,28306,VIC,46.762211062837366
Croydon - East,46512,29873,VIC,35.77356381148951
Croydon South,52912,30846,VIC,41.70320532204415
Mitcham (Vic.),49274,30093,VIC,38.927223282055444
Nunawading,42389,27728,VIC,34.586803180070305
Vermont South,39878,24449,VIC,38.69050604343247
Chirnside Park,50878,27362,VIC,46.22037029757459
Mount Dandenong - Olinda,46591,27664,VIC,40.62372561224271
Mount Evelyn,47306,25426,VIC,46.25206104933835
Upwey - Tecoma,52499,27593,VIC,47.44090363625974
Wandin - Seville,48079,22804,VIC,52.569728987707734
Beaconsfield - Officer,49530,28265,VIC,42.93357561074097
Bunyip - Garfield,44651,27436,VIC,38.55456764686121
Emerald - Cockatoo,47394,26167,VIC,44.7883698358442
Pakenham - North,44858,26992,VIC,39.82790137768068
Pakenham - South,40493,24776,VIC,38.81411602005285
Berwick - South,47220,28304,VIC,40.05929690808979
Hallam,33575,24121,VIC,28.157855547282207
Narre Warren North,45424,28786,VIC,36.62821415991546
Endeavour Hills - North,41552,29972,VIC,27.868694647670388
Endeavour Hills - South,39608,28763,VIC,27.380832155120178
Narre Warren - South West,38442,25856,VIC,32.74023203787524
Cranbourne East,43157,27015,VIC,37.40297054938944
Cranbourne West,41029,27118,VIC,33.90528650466743
Lynbrook - Lyndhurst,44738,29801,VIC,33.38772408243552
Narre Warren South (East),42991,27573,VIC,35.86332022981554
Narre Warren South (West),40304,28229,VIC,29.95980547836443
Clayton South,26156,21103,VIC,19.318703165621653
Dandenong,25062,18611,VIC,25.74016439230708
Dandenong North,31750,23658,VIC,25.486614173228343
Dingley Village,47892,29836,VIC,37.70149503048526
Noble Park North,34488,26776,VIC,22.36140106703781
Springvale,22760,16265,VIC,28.536906854130052
Noble Park - East,25648,19362,VIC,24.50873362445415
Noble Park - West,26776,18647,VIC,30.359276964445776
Ashwood - Chadstone,36695,26511,VIC,27.753099877367486
Glen Waverley - East,37212,25134,VIC,32.457271847791034
Glen Waverley - West,33673,25000,VIC,25.756540848751225
Oakleigh - Huntingdale,36677,27836,VIC,24.105024947514792
Cairnlea,42522,28700,VIC,32.505526550961854
Keilor Downs,42400,29973,VIC,29.308962264150946
St Albans - South,25711,18750,VIC,27.074015013029438
Sunshine,23821,20755,VIC,12.870996179841315
Sunshine North,28694,23467,VIC,18.216351850561093
Sydenham,38111,26617,VIC,30.159271601374932
Altona,54806,34760,VIC,36.57628726781739
Altona Meadows,45758,31329,VIC,31.533283797368767
Newport,56841,40146,VIC,29.3714044439753
Seabrook,48935,30668,VIC,37.329110043935835
Williamstown,50842,32387,VIC,36.298729396955274
Maribyrnong,37283,27211,VIC,27.0149934286404
Seddon - Kingsville,49273,37688,VIC,23.511862480465975
West Footscray - Tottenham,33000,29341,VIC,11.087878787878788
Yarraville,52193,40412,VIC,22.57199241277566
Bacchus Marsh,50000,29074,VIC,41.852000000000004
Hillside,47019,31250,VIC,33.53750611454944
Taylors Hill,49273,29795,VIC,39.53077750492156
Burnside,42214,33448,VIC,20.765622779172787
Burnside Heights,47325,32307,VIC,31.7337559429477
Caroline Springs,46221,30311,VIC,34.421583263018974
Hoppers Crossing - North,38649,25896,VIC,32.996972754793134
Laverton,30944,23786,VIC,23.13210961737332
Tarneit,36817,23788,VIC,35.388543335958936
Werribee - South,40625,27624,VIC,32.00246153846154
Wyndham Vale,45548,27118,VIC,40.462808465794325
Point Cook - East,43299,27371,VIC,36.78606896233169
Werribee - West,41572,27936,VIC,32.80092369864332
Carrum Downs,45336,30300,VIC,33.165696135521436
Frankston,40850,25599,VIC,37.33414932680539
Frankston South,49173,27946,VIC,43.167998698472736
Langwarrin,50478,28427,VIC,43.684377352510005
Skye - Sandhurst,50907,31401,VIC,38.31693087394661
Dromana,40256,24140,VIC,40.03378378378378
Flinders,36822,22866,VIC,37.90125468469937
Hastings - Somers,44743,24061,VIC,46.223990344858414
Mornington,43704,25396,VIC,41.89090243455977
Mount Eliza,51730,25085,VIC,51.50782911270056
Mount Martha,46156,24673,VIC,46.544327931363206
Point Nepean,35236,20903,VIC,40.67714837098422
Rosebud - McCrae,35086,21652,VIC,38.28877615003135
Somerville,45966,27441,VIC,40.30152721576818
Ararat Region,20000,15829,VIC,20.855
Horsham Region,19382,17844,VIC,7.93519760602621
Stawell,31646,19968,VIC,36.90197813309739
West Wimmera,12842,12612,VIC,1.7909982868712038
Yarriambiack,25194,18670,VIC,25.895054378026515
Irymple,31273,23696,VIC,24.228567774118247
Mildura Region,21536,15631,VIC,27.419205052005946
Mildura - North,19361,15163,VIC,21.68276432002479
Mildura - South,23626,19388,VIC,17.93786506391264
Buloke,21000,18123,VIC,13.700000000000001
Gannawarra,29707,19664,VIC,33.80684687110782
Kyabram,34951,22902,VIC,34.47397785471088
Lockington - Gunbower,36230,19784,VIC,45.39332045266354
Cobram,29581,16671,VIC,43.64287887495352
Moira,29601,21120,VIC,28.651059085841695
Yarrawonga,35303,22763,VIC,35.52106053309917
Shepparton - South,30559,19670,VIC,35.63271049445335
Shepparton Region - West,31916,21461,VIC,32.75786439403434
Glenelg (Vic.),25701,17622,VIC,31.434574530173926
Hamilton (Vic.),25064,18291,VIC,27.022821576763484
Portland,39097,19730,VIC,49.535770007928996
Camperdown,37280,23412,VIC,37.19957081545064
Corangamite - North,29244,16711,VIC,42.856654356449184
Corangamite - South,31772,15742,VIC,50.45322925846657
Moyne - East,24005,17058,VIC,28.93980420745678
Warrnambool - North,33622,23504,VIC,30.09339123193147
Queensland,37327,26132,QLD,29.99169501969084
Alexandra Hills,45006,33239,QLD,26.145402835177535
Belmont - Gumdale,45917,28855,QLD,37.15835093756125
Capalaba,44342,32487,QLD,26.73537503946597
Ormiston,46239,30268,QLD,34.54010683622051
Redland Bay,45910,30597,QLD,33.354389021999566
Sheldon - Mount Cotton,54918,33722,QLD,38.59572453476092
Brisbane Port - Lytton,37519,35327,QLD,5.842373197579893
Manly West,51721,32630,QLD,36.91150596469519
Murarrie,47550,34841,QLD,26.727655099894847
Tingalpa,47238,35000,QLD,25.907108683686864
Bridgeman Downs,55431,33060,QLD,40.35828327109379
McDowall,56138,33348,QLD,40.596387473725464
Aspley,45323,32214,QLD,28.92350462237716
Stafford,42051,36528,QLD,13.134051508882072
Wavell Heights,56702,36704,QLD,35.26859722761102
Eagle Farm - Pinkenba,47425,32666,QLD,31.120716921454928
Northgate - Virginia,46539,33236,QLD,28.584627946453512
Nudgee - Banyo,49069,37128,QLD,24.33511993315535
Deagon,45398,34615,QLD,23.7521476717036
Zillmere,34960,30620,QLD,12.414187643020595
Cannon Hill,49343,33967,QLD,31.16146160549622
Carina,50105,38907,QLD,22.34906695938529
Carindale,46460,30650,QLD,34.02927249246664
Coorparoo,39763,31807,QLD,20.00855066267636
Fairfield - Dutton Park,31828,22914,QLD,28.006786477315572
Woolloongabba,23485,18255,QLD,22.26953374494358
Yeronga,43271,31299,QLD,27.66749092925978
Eight Mile Plains,31400,23289,QLD,25.831210191082803
Macgregor (Qld),19140,15390,QLD,19.59247648902821
Mansfield (Qld),40000,28928,QLD,27.68
Mount Gravatt,42211,34205,QLD,18.966620075335815
Rochedale - Burbank,47688,30004,QLD,37.08270424425432
Upper Mount Gravatt,28236,21593,QLD,23.52670349907919
Wishart,41583,28274,QLD,32.00586778250727
Coopers Plains,21522,19170,QLD,10.928352383607471
Moorooka,41250,34777,QLD,15.692121212121213
Tarragindi,56000,37279,QLD,33.43035714285714
Algester,39731,29592,QLD,25.519116055473056
Calamvale - Stretton,36211,26019,QLD,28.146143437077132
Pallara - Willawong,42929,32814,QLD,23.562160777097066
Kuraby,37554,26560,QLD,29.275177078340526
Sunnybank,19270,13894,QLD,27.898287493513234
Sunnybank Hills,28260,23150,QLD,18.08209483368719
Jindalee - Mount Ommaney,51677,35039,QLD,32.196141416877914
Riverhills,48935,36752,QLD,24.896290998263
Seventeen Mile Rocks - Sinnamon Park,60990,36983,QLD,39.36219052303656
Westlake,52160,31364,QLD,39.86963190184049
Bellbowrie - Moggill,55003,31411,QLD,42.89220587967929
Brookfield - Kenmore Hills,49262,29539,QLD,40.03694531281718
Fig Tree Pocket,65708,33331,QLD,49.27406099713886
Chelmer - Graceville,57085,31255,QLD,45.24831391784181
Corinda,52523,33096,QLD,36.9876054300021
Sherwood,51791,31140,QLD,39.87372323376648
St Lucia,19893,14080,QLD,29.221334137636358
Taringa,36014,23018,QLD,36.08596656855667
Enoggera,58833,34511,QLD,41.34074414019343
Enoggera Reservoir,88504,8592,QLD,90.29196420500767
Keperra,45225,32819,QLD,27.431730237700386
Mitchelton,57100,37764,QLD,33.863397548161124
The Gap,56250,32511,QLD,42.202666666666666
Highgate Hill,27000,21608,QLD,19.97037037037037
New Farm,38019,29000,QLD,23.72234935163997
Spring Hill,16460,10492,QLD,36.25759416767922
Balmoral,52418,36060,QLD,31.206837345949868
Bulimba,60641,36874,QLD,39.192955261291864
Hawthorne,48719,31240,QLD,35.87717317678935
Morningside - Seven Hills,44149,36517,QLD,17.286914765906364
Norman Park,51268,36143,QLD,29.501833502379654
Albion,39489,29591,QLD,25.065208032616678
Alderley,46985,34392,QLD,26.802170905608175
Grange,64298,38916,QLD,39.475566891660705
Hendra,51633,31623,QLD,38.75428505025856
Kelvin Grove - Herston,25655,18757,QLD,26.887546287273434
Newstead - Bowen Hills,48333,31376,QLD,35.083690232346434
Wilston,51332,33501,QLD,34.73661653549443
Ashgrove,47374,30973,QLD,34.62025583653481
Auchenflower,35679,24600,QLD,31.05187925670563
Bardon,59365,30660,QLD,48.3534068895814
Paddington - Milton,41850,28234,QLD,32.5352449223417
Red Hill (Qld),39134,29243,QLD,25.274697194255637
Brinsmead,45796,28945,QLD,36.79579002532972
Redlynch,47016,30426,QLD,35.28586013272078
Trinity Beach - Smithfield,39662,26588,QLD,32.96354192930261
Yorkeys Knob - Machans Beach,31387,25265,QLD,19.5048905597859
Bentley Park,39656,30391,QLD,23.363425458946942
Cairns City,12093,10835,QLD,10.402712312908294
Earlville - Bayview Heights,38921,28923,QLD,25.687931964749104
Gordonvale - Trinity,40310,30289,QLD,24.859836268915902
Manunda,24101,22918,QLD,4.908510020331107
White Rock,33849,27046,QLD,20.09808266123076
Woree,30000,26345,QLD,12.183333333333334
Babinda,32135,27367,QLD,14.837404698926404
Johnstone,30535,23091,QLD,24.378581955133452
Tully,20496,15354,QLD,25.08782201405152
Atherton,15005,14539,QLD,3.105631456181273
Malanda - Yungaburra,27940,21913,QLD,21.571224051539012
Chinchilla,41827,19976,QLD,52.24137518827552
Goondiwindi,38444,23350,QLD,39.26230361044637
Inglewood - Waggamba,26583,16801,QLD,36.79795357935522
Miles - Wandoan,35312,18551,QLD,47.465450838241956
Roma Region,31025,20176,QLD,34.968573730862204
Tara,24616,20192,QLD,17.97205069873253
Crows Nest - Rosalie,37291,23038,QLD,38.221018476307954
Jondaryan,40185,24433,QLD,39.19870598482021
Millmerran,36602,18109,QLD,50.52456149937162
Clifton - Greenmount,38602,23868,QLD,38.1690067872131
Southern Downs - East,35404,24798,QLD,29.957066998079313
Warwick,35692,24286,QLD,31.956741006387983
Central Highlands - East,60020,24079,QLD,59.881706097967346
Emerald,37086,18047,QLD,51.33743191500836
Bouldercombe,41351,25303,QLD,38.809218640419815
Frenchville - Mount Archer,46636,32079,QLD,31.214083540612403
Glenlee - Rockyview,61958,35383,QLD,42.89195906904678
Lakes Creek,36868,27440,QLD,25.57231203211457
Mount Morgan,32360,23854,QLD,26.285537700865262
Rockhampton City,26799,24423,QLD,8.866002462778463
Rockhampton Region - West,47879,28090,QLD,41.33127258296957
The Range - Allenstown,45180,31597,QLD,30.064187693669766
Banana,51156,18437,QLD,63.95926186566581
Biloela,57182,25430,QLD,55.5279633451086
Agnes Water - Miriam Vale,33913,17618,QLD,48.049420576180225
Boyne Island - Tannum Sands,59142,28128,QLD,52.43989043319468
West Gladstone,43986,29206,QLD,33.60160050925295
Broadbeach Waters,25250,20800,QLD,17.62376237623762
Burleigh Heads,28064,20000,QLD,28.734321550741164
Mermaid Beach - Broadbeach,27384,20596,QLD,24.78819748758399
Miami,28454,21706,QLD,23.715470584100654
Coolangatta,24366,16827,QLD,30.940655011081013
Currumbin - Tugun,34066,23769,QLD,30.226618916221454
Currumbin Waters,36224,26198,QLD,27.67778268551237
Elanora,37756,25601,QLD,32.19355863968641
Palm Beach,31780,24166,QLD,23.95846444304594
Arundel,32423,27178,QLD,16.176788082534006
Biggera Waters,28585,25864,QLD,9.51897848521952
Coombabah,33576,27346,QLD,18.554920181081723
Runaway Bay,35384,27361,QLD,22.674089984173637
Guanaba - Springbrook,36613,28222,QLD,22.91808920328845
Tamborine - Canungra,36999,25304,QLD,31.608962404389306
Mudgeeraba - Bonogin,36922,26457,QLD,28.34353501977141
Highland Park,37828,28752,QLD,23.99280955905678
Nerang - Mount Nathan,35043,26721,QLD,23.747966783665785
Worongary - Tallai,35753,25602,QLD,28.392023047017034
Coomera,33446,23755,QLD,28.975064282724393
Helensvale,38686,28108,QLD,27.34322493925451
Hope Island,39129,26650,QLD,31.891947149173248
Jacobs Well - Alberton,37700,29259,QLD,22.389920424403183
Ormeau - Yatala,41407,29955,QLD,27.657159417489797
Oxenford - Maudsland,40657,27879,QLD,31.428782251518804
Pimpama,33359,23463,QLD,29.665157828472076
Clear Island Waters,33810,23991,QLD,29.04170363797693
Robina,32800,26115,QLD,20.381097560975608
Parkwood,27165,25023,QLD,7.885146327995582
Southport - South,22575,18087,QLD,19.880398671096344
Benowa,34423,25028,QLD,27.292798419661274
Bundall,33259,24951,QLD,24.97970474157371
Darra - Sumner,34020,28214,QLD,17.066431510875955
Durack,32382,23251,QLD,28.197764189982088
Forest Lake - Doolandella,39148,30072,QLD,23.183815265147643
Oxley (Qld),49457,34950,QLD,29.332551509391998
Wacol,27623,21005,QLD,23.958295623212543
Boonah,34948,23092,QLD,33.92468810804624
Esk,33180,24407,QLD,26.44062688366486
Lockyer Valley - East,38204,25429,QLD,33.43890692074128
Rosewood,46389,32518,QLD,29.901485265903556
Ipswich - Central,38047,29904,QLD,21.402475885089494
Ipswich - East,40807,29181,QLD,28.490210012987966
Karalee - Barellan Point,53892,36200,QLD,32.8286202033697
Karana Downs,52341,34078,QLD,34.892340612521735
Leichhardt - One Mile,33592,24508,QLD,27.042152893546085
Ripley,50953,36810,QLD,27.75695248562401
Bellbird Park - Brookwater,45695,32543,QLD,28.782142466352994
Camira - Gailes,41465,31559,QLD,23.89002773423369
Goodna,30297,24215,QLD,20.07459484437403
Redbank Plains,30948,24117,QLD,22.07250872431175
Springfield,44637,32300,QLD,27.63850617200977
Beaudesert,37252,24735,QLD,33.60088048963814
Beenleigh,28548,26387,QLD,7.569707159871094
Eagleby,30439,23766,QLD,21.92253359177371
Mount Warren Park,40081,31809,QLD,20.638207629550163
Wolffdene - Bahrs Scrub,43699,30000,QLD,31.348543444930087
Browns Plains,34069,27545,QLD,19.149373330593793
Chambers Flat - Logan Reserve,31833,27583,QLD,13.350925140577388
Marsden,29009,23703,QLD,18.29087524561343
Munruben - Park Ridge South,44110,30793,QLD,30.190433008388123
Greenbank,47429,33137,QLD,30.13346264943389
Logan Village,42601,32724,QLD,23.184901762869416
Bethania - Waterford,35867,28934,QLD,19.32974600607801
Loganlea,30919,23686,QLD,23.393382709660727
Shailer Park,46899,33648,QLD,28.254333781104073
Waterford West,31140,27623,QLD,11.294155427103405
Kingston (Qld.),26454,21133,QLD,20.11416042942466
Rochedale South - Priestdale,45710,32082,QLD,29.814045066725004
Slacks Creek,30870,26344,QLD,14.66148364107548
Underwood,37488,28621,QLD,23.65290226205719
Woodridge,24475,21314,QLD,12.915219611848824
Bowen,17369,11946,QLD,31.22229259024699
Broadsound - Nebo,69245,24908,QLD,64.02917178135606
Clermont,57814,21474,QLD,62.856747500605394
Collinsville,37747,18814,QLD,50.15762842080165
Moranbah,84849,24628,QLD,70.97431908449127
Andergrove - Beaconsfield,48458,25843,QLD,46.66928061414008
Mackay Harbour,61906,27910,QLD,54.9155170742739
Mount Pleasant - Glenella,51438,28126,QLD,45.32058011586765
Pioneer Valley,60478,25243,QLD,58.26085518701015
Sarina,54818,25117,QLD,54.181108395052725
Slade Point,40352,23544,QLD,41.65344964314037
South Mackay,45114,26781,QLD,40.63705279957441
Airlie - Whitsundays,26442,15740,QLD,40.47348914605552
Bribie Island,37503,27586,QLD,26.44321787590326
Caboolture,27319,18257,QLD,33.17105311321791
Caboolture - South,26715,17815,QLD,33.314617256223094
Elimbah,37544,23580,QLD,37.19369273385894
Morayfield - East,28756,21719,QLD,24.47141466128808
Kilcoy,48846,26880,QLD,44.96990541702493
Woodford - D'Aguilar,40873,27902,QLD,31.734886110635387
Burpengary,38356,27223,QLD,29.02544582333924
Morayfield,35733,25432,QLD,28.827694288192983
Clontarf,43318,31824,QLD,26.53400433999723
Redcliffe,36284,29580,QLD,18.476463454966378
Scarborough - Newport - Moreton Island,43861,29810,QLD,32.03529331296596
Albany Creek,52102,31538,QLD,39.46873440558903
Cashmere,52434,33312,QLD,36.46870351298775
The Hills District,53578,36162,QLD,32.505879278808465
Samford Valley,56028,32209,QLD,42.512672235310916
Croydon - Etheridge,25998,15141,QLD,41.76090468497577
Northern Peninsula,26795,24070,QLD,10.16980779996268
Tablelands,20410,13995,QLD,31.43067123958844
Weipa,84390,36457,QLD,56.799383813248014
Carpentaria,24324,16155,QLD,33.584114454859396
Mount Isa Region,44280,23374,QLD,47.213188798554654
Far Central West,29458,20942,QLD,28.908955122547354
Buderim - South,36300,21660,QLD,40.33057851239669
Mountain Creek,37521,23505,QLD,37.355081154553446
Sippy Downs,28714,19259,QLD,32.92818834018249
Aroona - Currimundi,37364,28122,QLD,24.7350390750455
Buddina - Minyama,35232,23505,QLD,33.28508174386921
Caloundra - West,37746,26542,QLD,29.682615376463733
Moffat Beach - Battery Hill,35530,23407,QLD,34.12046158176189
Wurtulla - Birtinya,36000,25153,QLD,30.130555555555556
Coolum Beach,35649,24260,QLD,31.94760021318971
Marcoola - Mudjimba,34196,24529,QLD,28.26938823254182
Maroochydore - Kuluin,27047,21325,QLD,21.155765889008023
Mooloolaba - Alexandra Headland,25500,20558,QLD,19.380392156862744
Noosa Heads,20000,13962,QLD,30.19
Sunshine Beach,25576,16721,QLD,34.622302158273385
Tewantin,29336,22676,QLD,22.702481592582494
Peregian Beach - Marcus Beach,31257,22274,QLD,28.739162427616215
Beerwah,37818,24168,QLD,36.0939235284785
Caloundra Hinterland,28348,20776,QLD,26.710879074361504
Glass House Mountains,39648,27144,QLD,31.53753026634383
Maroochy Hinterland,36302,22887,QLD,36.95388683819073
Bli Bli,42234,25110,QLD,40.54553203580054
Drayton - Harristown,33442,26414,QLD,21.015489504216255
Gatton,9211,8024,QLD,12.886765823471935
Highfields,50769,27886,QLD,45.072780633851366
Newtown (Qld),33054,25203,QLD,23.752042112906153
Rangeville,43138,30128,QLD,30.15902452594001
Toowoomba - East,40624,27325,QLD,32.73680582906656
Wilsonton,36749,25639,QLD,30.23211515959618
Charters Towers,39099,25068,QLD,35.885828282053254
Ingham,32808,25841,QLD,21.235674225798586
Annandale,48275,26775,QLD,44.536509580528225
Condon - Rasmussen,37235,24139,QLD,35.171209883174434
Cranbrook,28960,21685,QLD,25.120856353591158
Deeragun,48214,31148,QLD,35.396357904343134
Douglas,45333,25963,QLD,42.728255354818785
Garbutt - West End,34599,27557,QLD,20.35318939853753
Hyde Park - Pimlico,31286,25703,QLD,17.845042511027295
Kelso,33927,26784,QLD,21.054027765496507
Kirwan - East,30094,24091,QLD,19.94749784010102
Kirwan - West,40606,28804,QLD,29.064670245776487
Mount Louisa,47383,31340,QLD,33.85813477407509
Townsville - South,48116,30922,QLD,35.7344750187048
Townsville City - North Ward,40569,25090,QLD,38.15474869974611
Wulguru - Roseneath,38954,29041,QLD,25.447964265543977
Bargara - Burnett Heads,36152,26069,QLD,27.890573135649483
Branyan - Kensington,40314,28291,QLD,29.82338641662946
Bundaberg Region - North,31494,23990,QLD,23.82676065282276
Millbank - Avoca,37805,28838,QLD,23.71908477714588
Svensson Heights - Norville,35333,26197,QLD,25.856847706110436
Gin Gin,27040,18683,QLD,30.906065088757394
Kingaroy,37366,24364,QLD,34.7963389177327
Kingaroy Region - North,32981,24119,QLD,26.870016069858405
Cooloola,25000,14936,QLD,40.256
Booral - River Heads,36794,29048,QLD,21.052345491112682
Craignish - Dundowran Beach,43928,29154,QLD,33.63230741212894
Pialba - Eli Waters,36809,25620,QLD,30.39745714363335
Point Vernon,33081,26442,QLD,20.06892173755328
Burrum - Fraser,34100,24722,QLD,27.501466275659826
Maryborough (Qld),37290,28508,QLD,23.55054974524001
Maryborough Region - South,31202,26029,QLD,16.579065444522787
South Australia,38800,27085,SA,30.193298969072163
Adelaide,18326,15049,SA,17.881698133798974
North Adelaide,34437,25000,SA,27.40366466300781
Adelaide Hills,47393,29473,SA,37.81149114848184
Aldgate - Stirling,50629,29000,SA,42.72057516443145
Lobethal - Woodside,45457,25526,SA,43.845832325054445
Mount Barker,46126,26986,SA,41.495035337987254
Mount Barker Region,46763,26999,SA,42.2641832217779
Nairne,44393,28478,SA,35.85024666050954
Toorak Gardens,40309,26614,SA,33.975042794413156
Athelstone,45003,30354,SA,32.55116325578295
Payneham - Felixstow,35858,27170,SA,24.22890289475152
St Peters - Marden,39231,28290,SA,27.888659478473656
Nailsworth - Broadview,44064,31100,SA,29.42084241103849
Prospect,37469,29214,SA,22.03154607809122
Walkerville,38048,28951,SA,23.909272497897394
Goodwood - Millswood,39589,28345,SA,28.401828790825732
Unley - Parkside,43533,29272,SA,32.7590563480578
Gawler - South,43085,29079,SA,32.50783335267495
Lewiston - Two Wells,49956,31293,SA,37.35887581071343
Davoren Park,35795,24178,SA,32.4542533873446
One Tree Hill,43881,31118,SA,29.0854811877578
Northgate - Oakden - Gilles Plains,39561,30782,SA,22.19104673794899
Windsor Gardens,35541,26277,SA,26.06567063391576
Para Hills,41431,28506,SA,31.196447104824887
Salisbury,31776,25392,SA,20.090634441087612
Salisbury East,43247,28236,SA,34.70992207551969
Mawson Lakes - Globe Derby Park,43165,28892,SA,33.06614154986679
Pooraka - Cavan,36149,27240,SA,24.645218401615534
Greenwith,54446,33861,SA,37.80810344194248
Modbury Heights,47923,32982,SA,31.177096592450386
Brighton (SA),47950,30459,SA,36.47758081334724
Edwardstown,33805,27325,SA,19.16876201745304
Hallett Cove,49159,32743,SA,33.39368172664212
Marino - Seaview Downs,45450,31018,SA,31.753575357535752
Sheidow Park - Trott Park,52999,33617,SA,36.57050133021378
Belair,45577,31563,SA,30.747964982337585
Blackwood,52574,33862,SA,35.591737360672575
Mitcham (SA),44582,27225,SA,38.932753129065546
Panorama,35393,25904,SA,26.81038623456616
Aberfoyle Park,48000,31797,SA,33.75625
Aldinga,40648,25776,SA,36.587285967329265
Christie Downs,37887,26577,SA,29.85192810198749
Christies Beach,37321,26282,SA,29.5785214758447
Coromandel Valley,55258,32785,SA,40.6692243657027
Flagstaff Hill,48584,32062,SA,34.00708052033591
Hackham - Onkaparinga Hills,42777,28538,SA,33.286579236505595
Hackham West - Huntfield Heights,39061,28423,SA,27.234325798110646
Morphett Vale - East,42391,30603,SA,27.807789389257152
Reynella,45357,31493,SA,30.566395484710192
Willunga,39007,26074,SA,33.155587458661266
Woodcroft,50834,32173,SA,36.709682495967265
Beverley,41249,32071,SA,22.25023636936653
Flinders Park,41286,28922,SA,29.947197597248458
Hindmarsh - Brompton,37708,28971,SA,23.170149570382943
Seaton - Grange,42259,31257,SA,26.03469083508838
West Lakes,47166,30691,SA,34.92982232964423
Largs Bay - Semaphore,47507,34650,SA,27.063380133454018
North Haven,46861,31983,SA,31.74921576577538
Fulham,46656,31396,SA,32.70747599451303
Lockleys,39994,28916,SA,27.699154873230984
Plympton,30703,24710,SA,19.519265218382568
Richmond (SA),30948,26623,SA,13.975054930851751
Barossa - Angaston,40964,23834,SA,41.81720535103994
Lyndoch,50949,28559,SA,43.94590669100473
Nuriootpa,43292,25095,SA,42.033170100711445
Moonta,32563,24178,SA,25.750084451678283
Wallaroo,31876,24303,SA,23.757686033379343
Yorke Peninsula - North,29540,21347,SA,27.735274204468517
Ceduna,30071,22793,SA,24.20272022879186
Eyre Peninsula,22176,19559,SA,11.801046176046176
Kimba - Cleve - Franklin Harbour,20750,18666,SA,10.043373493975903
Port Lincoln,29215,22800,SA,21.95789833989389
Western,69301,24597,SA,64.50700567091384
Whyalla,57284,28787,SA,49.74687521821102
Coober Pedy,23900,23205,SA,2.907949790794979
Quorn - Lake Gilles,25703,16058,SA,37.52480255223126
Port Augusta,37036,26975,SA,27.16546063289772
Strathalbyn Region,36014,22326,SA,38.00744155050813
Yankalilla,32436,20762,SA,35.99087433715625
Kingston - Robe,17709,13445,SA,24.07815235191146
Millicent,37339,24738,SA,33.74755617450923
Naracoorte,22809,17990,SA,21.127625060283222
Naracoorte Region,19287,11936,SA,38.11375537927101
Penola,23868,13826,SA,42.073068543656774
Wattle Range,30297,23433,SA,22.65570848598871
Mount Gambier - East,42000,25283,SA,39.80238095238095
Mount Gambier - West,38183,23997,SA,37.15265956053741
Loxton,27940,23014,SA,17.630637079455976
Loxton Region,19182,17018,SA,11.281409654884786
Mannum,28454,19289,SA,32.209882617558165
Murray Bridge,32975,23521,SA,28.670204700530704
Murray Bridge Region,32406,23656,SA,27.001172622353884
Renmark,17941,15623,SA,12.920127083217212
Renmark Region,23463,22530,SA,3.9764735967267617
The Coorong,22842,17108,SA,25.102880658436217
Waikerie,30431,19208,SA,36.880155104991616
Western Australia,41657,25725,WA,38.245672996135106
Busselton,33500,18534,WA,44.67462686567164
Busselton Region,26331,14601,WA,44.548251110857926
Australind - Leschenault,51922,24087,WA,53.60926004391202
Capel,43411,22105,WA,49.079726336642786
College Grove - Carey Park,33090,21096,WA,36.246600181323664
Collie,53121,24205,WA,54.43421622333917
Dardanup,49601,24624,WA,50.35583960000807
Eaton - Pelican Point,52186,25100,WA,51.90280918253938
Harvey,48456,23158,WA,52.20818887237907
Dalyellup,49571,27065,WA,45.401545258316354
South Bunbury - Bunbury,34567,25178,WA,27.16174385975063
Withers - Usher,35902,21375,WA,40.462926856442536
Manjimup,27882,15933,WA,42.855605767161606
Dawesville - Bouvard,46077,23667,WA,48.63597890487662
Halls Head - Erskine,48276,24595,WA,49.05335984754329
Mandurah - South,38645,24042,WA,37.78755337042308
Pinjarra,48281,22261,WA,53.89283569105859
Claremont (WA),41421,23933,WA,42.22012988580672
Cottesloe,44909,24040,WA,46.46952726624953
Floreat,58628,28521,WA,51.35259602920107
Mosman Park - Peppermint Grove,39000,21733,WA,44.274358974358975
Swanbourne - Mount Claremont,57204,25991,WA,54.56436612824278
Mount Hawthorn - Leederville,59180,33058,WA,44.139912132477185
Mount Lawley - Inglewood,43798,28326,WA,35.32581396410795
North Perth,43989,30420,WA,30.846347950624022
Subiaco - Shenton Park,55383,32547,WA,41.23286929202102
Wembley - West Leederville - Glendalough,33231,23245,WA,30.05025428064157
Bassendean - Eden Hill - Ashfield,46328,31232,WA,32.5850457606631
Bayswater - Embleton - Bedford,45729,31855,WA,30.339609438212072
Maylands,35403,28901,WA,18.365675225263395
Chidlow,52911,31319,WA,40.80814953412334
Mundaring,53750,27696,WA,48.47255813953488
Swan View - Greenmount - Midvale,44498,29730,WA,33.18800844981797
Beechboro,41171,28299,WA,31.264725170629816
Bullsbrook,47732,26369,WA,44.75613843962122
Ellenbrook,49184,28823,WA,41.397608978529604
Hazelmere - Guildford,53085,33474,WA,36.94263916360554
Lockridge - Kiara,45411,30942,WA,31.86232410649402
Malaga,45000,32138,WA,28.58222222222222
Middle Swan - Herne Hill,41418,28903,WA,30.216331063788694
Midland - Guildford,37907,28757,WA,24.138022001213496
The Vines,52970,29549,WA,44.2155937323013
Heathridge - Connolly,45376,28323,WA,37.58154090267983
Hillarys,50801,27446,WA,45.97350445857365
Iluka - Burns Beach,62046,28481,WA,54.09696031976276
Joondalup - Edgewater,42094,27232,WA,35.306694540789664
Kingsley,48798,32661,WA,33.06897823681298
Mullaloo - Kallaroo,48723,25960,WA,46.71920858732015
Padbury,52889,32004,WA,39.488362419406684
Sorrento - Marmion,54761,27000,WA,50.69483756688153
Balga - Mirrabooka,27859,21533,WA,22.70720413510894
Innaloo - Doubleview,48735,31129,WA,36.1259874833282
Karrinyup - Gwelup - Carine,58600,31042,WA,47.027303754266214
Osborne Park Industrial,48771,16354,WA,66.46777798281765
Scarborough,39899,26868,WA,32.659966415198376
Trigg - North Beach - Watermans Bay,46131,27250,WA,40.929093234484405
Wembley Downs - Churchlands - Woodlands,51406,26921,WA,47.63062677508462
Yokine - Coolbinia - Menora,37301,27042,WA,27.503284094260206
Butler - Merriwa - Ridgewood,42050,25825,WA,38.58501783590963
Carramar,47346,29168,WA,38.39395091454399
Clarkson,42341,27809,WA,34.32134337875818
Girrawheen,31976,23048,WA,27.920940705529144
Madeley - Darch - Landsdale,48543,29300,WA,39.641142904229234
Marangaroo,37665,26923,WA,28.519846010885434
Mindarie - Quinns Rocks - Jindalee,46673,28476,WA,38.98828016197802
Carabooda - Pinjar,29556,24923,WA,15.675328190553525
Two Rocks,40765,24881,WA,38.96479823377897
Armadale - Wungong - Brookdale,39721,26375,WA,33.5993555046449
Camillo - Champion Lakes,41153,27109,WA,34.126309139066414
Forrestdale - Harrisdale - Piara Waters,53695,33063,WA,38.4244343048701
Mount Nasura - Mount Richon - Bedfordale,52230,29644,WA,43.24334673559257
Seville Grove,43639,27166,WA,37.74834437086093
Rivervale - Kewdale - Cloverdale,35605,25909,WA,27.232130318775454
Parkwood - Ferndale - Lynwood,38422,30427,WA,20.8083910259747
Riverton - Shelley - Rossmoyne,41900,25534,WA,39.059665871121716
Welshpool,45000,39000,WA,13.333333333333334
Willetton,46511,26312,WA,43.42843628388983
Canning Vale - East,46754,28317,WA,39.434059117936435
Huntingdale - Southern River,48902,29221,WA,40.24579771788475
Maddington - Orange Grove - Martin,35614,25288,WA,28.994215757848036
Thornlie,40197,28178,WA,29.90024131154066
Forrestfield - Wattle Grove,50944,31160,WA,38.834798994974875
High Wycombe,50309,31909,WA,36.57397284780059
Kalamunda - Maida Vale - Gooseberry Hill,52140,29039,WA,44.305715381664754
Byford,51791,29672,WA,42.708192543105945
Mundijong,45157,28344,WA,37.232322784950284
Como,44410,28169,WA,36.57059220896194
Banjup,53657,30699,WA,42.78658888868181
Coogee,51083,28824,WA,43.57418319205998
South Lake - Cockburn Central,40720,30000,WA,26.326129666011788
Success - Hammond Park,52421,31095,WA,40.68216935960779
Yangebup,47752,30790,WA,35.52102529736975
Beeliar - Wattleup,47217,29689,WA,37.122222928182644
Jandakot,53064,31170,WA,41.25961103573044
East Fremantle,49872,26197,WA,47.471527109400064
Fremantle,28491,20110,WA,29.416306903934576
Fremantle - South,42332,23390,WA,44.74629122177076
Calista,38913,24917,WA,35.96741448873127
Hope Valley - Postans,51474,39172,WA,23.899444379686834
Parmelia - Orelia,36252,26665,WA,26.445437493103828
Casuarina - Wandi,48000,31422,WA,34.5375
Applecross - Ardross,47641,26021,WA,45.38107932243236
Bateman,45111,26947,WA,40.265123805723654
Bicton - Palmyra,49960,29926,WA,40.10008006405124
Bull Creek,48499,28079,WA,42.10396090641044
Leeming,54415,31124,WA,42.80253606542313
Melville,51531,28472,WA,44.74782169955949
Murdoch - Kardinya,36818,23729,WA,35.550545928621865
Willagee,44772,27063,WA,39.55373894398285
Winthrop,46286,26443,WA,42.870414380158145
Baldivis,51039,28600,WA,43.96441936558318
Port Kennedy,46463,26516,WA,42.93093429180208
Singleton - Golden Bay - Secret Harbour,50915,25459,WA,49.99705391338505
Albany Region,30320,18646,WA,38.50263852242744
Bayonet Head - Lower King,35544,22511,WA,36.6672293495386
Denmark,29069,15299,WA,47.370050569335035
Gnowangerup,19257,11658,WA,39.46097522978657
Katanning,27000,17448,WA,35.37777777777778
Little Grove - Elleker,35595,25546,WA,28.2314931872454
Plantagenet,26163,18375,WA,29.767228528838434
Chittering,51198,26334,WA,48.56439704675964
Dowerin,31710,15586,WA,50.8483128350678
Gingin - Dandaragan,27452,16072,WA,41.45417455923066
Moora,33993,16999,WA,49.992645544670964
Mukinbudin,31962,17379,WA,45.62605594143045
Toodyay,48884,27783,WA,43.16545290892726
York - Beverley,29700,19553,WA,34.16498316498316
Brookton,26267,14811,WA,43.6136597251304
Murray,63420,23537,WA,62.88710186061179
Wagin,18930,12673,WA,33.05335446381405
Broome,26923,19103,WA,29.045797273706498
Derby - West Kimberley,21084,19742,WA,6.365016125972302
Kununurra,22625,19784,WA,12.556906077348065
East Pilbara,27623,14907,WA,46.03410201643558
Newman,51871,20188,WA,61.08037246245493
Port Hedland,80604,28724,WA,64.3640514118406
Ashburton (WA),108048,26310,WA,75.64971123944913
Roebourne,70065,22604,WA,67.73852850924142
Carnarvon,17997,17066,WA,5.173084402956048
Exmouth,27593,11115,WA,59.718044431558724
Boulder,46016,20321,WA,55.839273296244784
Kalgoorlie,50132,23409,WA,53.3052740764382
Kambalda - Coolgardie - Norseman,52150,25357,WA,51.37679769894535
Leinster - Leonora,48458,28140,WA,41.92909323537909
Geraldton,30823,23920,WA,22.395613665120205
Geraldton - East,38627,25197,WA,34.768426230357
Geraldton - South,47325,28209,WA,40.39302694136291
Irwin,33033,19685,WA,40.408076771713134
Morawa,38176,15316,WA,59.88055322715843
Tasmania,35616,24624,TAS,30.862533692722373
Cambridge,50494,32931,TAS,34.78235037826277
Lindisfarne - Rose Bay,39026,26909,TAS,31.048531748065393
Mornington - Warrane,35880,25472,TAS,29.007803790412485
Rokeby,38729,26110,TAS,32.582819076144496
South Arm,49901,30741,TAS,38.396024127772996
Austins Ferry - Granton,48591,35739,TAS,26.44934247082793
Berriedale - Chigwell,41742,30360,TAS,27.267500359350294
Derwent Park - Lutana,26804,21372,TAS,20.26563199522459
Glenorchy,22393,21036,TAS,6.059929442236413
Montrose - Rosetta,36579,30624,TAS,16.279832690888217
West Moonah,27783,24407,TAS,12.151315552676097
Kingston - Huntingfield,37545,28550,TAS,23.957917166067386
Kingston Beach - Blackmans Bay,42919,28871,TAS,32.73142431091125
Hobart,20756,16316,TAS,21.39140489497013
Sandy Bay,22543,17058,TAS,24.331278002040545
West Hobart,31785,24657,TAS,22.42567248702218
Sorell - Richmond,44124,28951,TAS,34.387181579185935
Invermay,17351,16979,TAS,2.143968647340211
Kings Meadows - Punchbowl,37692,24546,TAS,34.87742757083731
Launceston,28788,23253,TAS,19.226761150479366
Legana,39049,23710,TAS,39.281415657251145
Mowbray,15591,13029,TAS,16.432557244564173
Newnham - Mayfield,23150,18143,TAS,21.628509719222464
Norwood (Tas.),40493,29586,TAS,26.935519719457684
Prospect Vale - Blackstone,45369,29086,TAS,35.89014525336683
Trevallyn,37775,27343,TAS,27.616148246194573
West Launceston,36575,25068,TAS,31.461380724538618
Youngtown - Relbia,44331,28329,TAS,36.09663666508764
Beauty Point - Beaconsfield,32935,22142,TAS,32.770608774859575
Deloraine,29649,20495,TAS,30.87456575263921
Hadspen - Carrick,47607,29441,TAS,38.158254038271686
Westbury,33980,23672,TAS,30.335491465567983
Dilston - Lilydale,47959,28138,TAS,41.32905189849663
Longford,34038,24885,TAS,26.890534108937068
Northern Midlands,21768,16595,TAS,23.764241087835355
St Helens - Scamander,27161,15835,TAS,41.69949560030927
Central Highlands,25701,14590,TAS,43.2317808645578
Derwent Valley,42601,25163,TAS,40.933311424614445
Forestier - Tasman,32730,22682,TAS,30.699663916895815
Acton - Upper Burnie,37760,24749,TAS,34.457097457627114
Burnie - Ulverstone Region,45536,26000,TAS,42.902319044272666
Burnie - Wivenhoe,34641,23149,TAS,33.17456193527901
Parklands - Camdale,42714,29128,TAS,31.806901718406145
Somerset,44255,25628,TAS,42.09015930403344
Ulverstone,40574,23964,TAS,40.93754621185981
West Ulverstone,39464,24449,TAS,38.0473342793432
Devonport,28226,18686,TAS,33.79862538085453
East Devonport,23526,17521,TAS,25.5249511179121
Latrobe,39794,22508,TAS,43.43870935316882
Quoiba - Spreyton,48025,25727,TAS,46.429984383133785
Sheffield - Railton,38445,21763,TAS,43.39185849915464
North West,30058,16491,TAS,45.13607026415596
Smithton,40669,19485,TAS,52.08881457621284
Northern Territory,34021,26231,NT,22.897622056964817
Darwin Airport,46346,33750,NT,27.178181504336944
Fannie Bay - The Gardens,35388,32478,NT,8.223126483553747
Ludmilla - The Narrows,39402,27362,NT,30.556824526673772
Woolner - Bayview - Winnellie,38110,25135,NT,34.04618210443453
Alawa,29343,26531,NT,9.583205534539754
Anula,44661,36539,NT,18.185889254606927
Berrimah,41131,31897,NT,22.450220028688825
Brinkin - Nakara,26136,23377,NT,10.556320783593511
Jingili,39251,24212,NT,38.314947389875414
Lyons (NT),69952,34075,NT,51.28802607502288
Malak - Marrara,43175,34604,NT,19.85176606832658
Moil,29500,26990,NT,8.508474576271187
Rapid Creek,31483,28437,NT,9.675062732268207
Tiwi,41754,41157,NT,1.429803132633999
Wanguri,43788,39313,NT,10.219694893578149
Wulagi,47023,35171,NT,25.20468706803054
Howard Springs,54857,36263,NT,33.89540076927284
Humpty Doo,42814,32337,NT,24.470967440556826
Virginia,40153,30517,NT,23.998206858765222
Bakewell,38997,32003,NT,17.93471292663538
Durack - Marlow Lagoon,54373,36183,NT,33.454104058999874
Moulden,32545,30831,NT,5.266554002150868
Palmerston - North,51622,34003,NT,34.130796947038085
Woodroffe,41324,31565,NT,23.615816474687833
Charles,20847,15826,NT,24.085000239842664
East Side,27732,22756,NT,17.943170344728113
Petermann - Simpson,33005,18264,NT,44.66292985911225
Sandover - Plenty,16125,14672,NT,9.010852713178293
Barkly,17164,16278,NT,5.161966907480774
Alligator,28967,17673,NT,38.98919460075258
Daly,18318,13964,NT,23.768970411616987
Thamarrurr,23029,22400,NT,2.731338746797516
Anindilyakwa,47951,19994,NT,58.303267919334324
Nhulunbuy,48159,29216,NT,39.334288502668244
Katherine,25059,23011,NT,8.172712398738977
Australian Capital Territory,47500,35719,ACT,24.802105263157895
Aranda,51052,30004,ACT,41.22855128104678
Cook,53022,39463,ACT,25.572403907811854
Evatt,47469,37500,ACT,21.001074385388357
Florey,42155,33194,ACT,21.25726485588898
Fraser,53488,39436,ACT,26.271313191743946
Giralang,53180,39813,ACT,25.135389244076723
Hawker,44786,31883,ACT,28.81034251775108
Higgins,47319,35954,ACT,24.017836387074958
Lawson,32549,24797,ACT,23.816399889397523
Macgregor (ACT),50665,39735,ACT,21.573078061778347
Macquarie,32677,29812,ACT,8.767634727790188
McKellar,45892,31404,ACT,31.569772509369827
Melba,49828,36356,ACT,27.037007305129645
Page,36660,31377,ACT,14.410801963993453
West Belconnen,43452,23372,ACT,46.21191199484488
Hume,28574,15098,ACT,47.16175544201022
Canberra Airport,38533,22471,ACT,41.683751589546624
Amaroo,55451,35446,ACT,36.07689671962634
Bonner,50219,33800,ACT,32.69479679005954
Crace,66034,41236,ACT,37.55338159130145
Forde,69696,42706,ACT,38.72532139577594
Gungahlin,33987,22498,ACT,33.80410156824668
Ngunnawal,48140,35434,ACT,26.393851267137514
Nicholls,50874,35325,ACT,30.56374572473169
Palmerston,49062,34042,ACT,30.61432473197179
Jacka,41505,35349,ACT,14.83194795807734
Moncrieff,46481,34062,ACT,26.718444095436844
Acton,4172,3078,ACT,26.22243528283797
Ainslie,45899,35190,ACT,23.331662999193885
Braddon,50700,34786,ACT,31.38856015779093
Civic,39142,19835,ACT,49.32553267589802
O'Connor (ACT),37343,30465,ACT,18.418445224004497
Turner,44920,32818,ACT,26.941228851291182
Campbell,57036,38892,ACT,31.81148748159057
Duntroon,54952,47884,ACT,12.862134226233804
Reid,33912,30025,ACT,11.46201934418495
Deakin,59653,38808,ACT,34.94375806749032
Forrest,60247,45931,ACT,23.76217902966123
Griffith (ACT),62795,51106,ACT,18.614539374153992
Barton,79345,65914,ACT,16.92734261768227
Fyshwick,39850,35230,ACT,11.593475533249686
Kingston (ACT),69293,57485,ACT,17.040682320003462
Banks,55396,38617,ACT,30.289190555274747
Bonython,54169,35895,ACT,33.73516217762927
Conder,55774,42563,ACT,23.68666403700649
Gilmore,52289,40094,ACT,23.322304882480065
Gordon (ACT),51631,39990,ACT,22.54653212217466
Gowrie (ACT),52868,42064,ACT,20.43580237572823
Isabella Plains,46335,37765,ACT,18.495737563397
Macarthur,61048,38076,ACT,37.629406368759014
Monash,48728,42989,ACT,11.777622722048925
Oxley (ACT),52920,39067,ACT,26.177248677248677
Richardson,47808,39054,ACT,18.31074297188755
Chapman,62587,39285,ACT,37.231373927492925
Duffy,47643,43960,ACT,7.730411602963709
Holder,54079,43540,ACT,19.48815621590636
Waramanga,58282,40831,ACT,29.942349267355272
Weston,52684,42451,ACT,19.423354339078276
Curtin,49102,37545,ACT,23.53671948189483
Hughes,55827,36562,ACT,34.508391996704106
Lyons (ACT),31634,28840,ACT,8.832269077574761
Phillip,41837,37117,ACT,11.281879675884982
Torrens,51577,39113,ACT,24.16581034181903
Namadgi,86350,20198,ACT,76.60914881297047
